trace,algo,cache_fraction,num_req,miss_ratio
cphy_001,arc,0.001,14093666,0.4373
cphy_001,lecar,0.001,14093666,0.40521
cphy_001,lfu,0.001,14093666,0.455357
cphy_001,lru,0.001,14093666,0.477348
cphy_001,s3fifo,0.001,14093666,0.408506
cphy_001,arc,0.01,14093666,0.458652
cphy_001,lecar,0.01,14093666,0.39403
cphy_001,lfu,0.01,14093666,0.485333
cphy_001,lru,0.01,14093666,0.461926
cphy_001,s3fifo,0.01,14093666,0.378276
cphy_001,arc,0.1,14093666,0.320304
cphy_001,lecar,0.1,14093666,0.316898
cphy_001,lfu,0.1,14093666,0.335977
cphy_001,lru,0.1,14093666,0.349704
cphy_001,s3fifo,0.1,14093666,0.298423
cphy_002,arc,0.001,30168414,0.516185
cphy_002,lecar,0.001,30168414,0.4943
cphy_002,lfu,0.001,30168414,0.532249
cphy_002,lru,0.001,30168414,0.499827
cphy_002,s3fifo,0.001,30168414,0.491555
cphy_002,arc,0.01,30168414,0.489957
cphy_002,lecar,0.01,30168414,0.432106
cphy_002,lfu,0.01,30168414,0.548124
cphy_002,lru,0.01,30168414,0.530886
cphy_002,s3fifo,0.01,30168414,0.44739
cphy_002,arc,0.1,30168414,0.402166
cphy_002,lecar,0.1,30168414,0.33313
cphy_002,lfu,0.1,30168414,0.444227
cphy_002,lru,0.1,30168414,0.444793
cphy_002,s3fifo,0.1,30168414,0.3635
cphy_003,arc,0.001,33706121,0.318275
cphy_003,lecar,0.001,33706121,0.339738
cphy_003,lfu,0.001,33706121,0.376374
cphy_003,lru,0.001,33706121,0.377928
cphy_003,s3fifo,0.001,33706121,0.304187
cphy_003,arc,0.01,33706121,0.313526
cphy_003,lecar,0.01,33706121,0.324573
cphy_003,lfu,0.01,33706121,0.336415
cphy_003,lru,0.01,33706121,0.347195
cphy_003,s3fifo,0.01,33706121,0.282428
cphy_003,arc,0.1,33706121,0.236578
cphy_003,lecar,0.1,33706121,0.246058
cphy_003,lfu,0.1,33706121,0.272169
cphy_003,lru,0.1,33706121,0.272438
cphy_003,s3fifo,0.1,33706121,0.217599
cphy_004,arc,0.001,22145418,0.255041
cphy_004,lecar,0.001,22145418,0.280685
cphy_004,lfu,0.001,22145418,0.294439
cphy_004,lru,0.001,22145418,0.298111
cphy_004,s3fifo,0.001,22145418,0.254952
cphy_004,arc,0.01,22145418,0.266042
cphy_004,lecar,0.01,22145418,0.27579
cphy_004,lfu,0.01,22145418,0.281331
cphy_004,lru,0.01,22145418,0.302947
cphy_004,s3fifo,0.01,22145418,0.228854
cphy_004,arc,0.1,22145418,0.201472
cphy_004,lecar,0.1,22145418,0.19006
cphy_004,lfu,0.1,22145418,0.221142
cphy_004,lru,0.1,22145418,0.236095
cphy_004,s3fifo,0.1,22145418,0.18109
cphy_005,arc,0.001,22445514,0.266272
cphy_005,lecar,0.001,22445514,0.268572
cphy_005,lfu,0.001,22445514,0.289593
cphy_005,lru,0.001,22445514,0.278501
cphy_005,s3fifo,0.001,22445514,0.250385
cphy_005,arc,0.01,22445514,0.266785
cphy_005,lecar,0.01,22445514,0.217057
cphy_005,lfu,0.01,22445514,0.279968
cphy_005,lru,0.01,22445514,0.286213
cphy_005,s3fifo,0.01,22445514,0.219583
cphy_005,arc,0.1,22445514,0.182739
cphy_005,lecar,0.1,22445514,0.176411
cphy_005,lfu,0.1,22445514,0.225003
cphy_005,lru,0.1,22445514,0.204549
cphy_005,s3fifo,0.1,22445514,0.176971
cphy_006,arc,0.001,35078217,0.19681
cphy_006,lecar,0.001,35078217,0.166681
cphy_006,lfu,0.001,35078217,0.208397
cphy_006,lru,0.001,35078217,0.211735
cphy_006,s3fifo,0.001,35078217,0.174676
cphy_006,arc,0.01,35078217,0.183322
cphy_006,lecar,0.01,35078217,0.168296
cphy_006,lfu,0.01,35078217,0.190611
cphy_006,lru,0.01,35078217,0.206148
cphy_006,s3fifo,0.01,35078217,0.160032
cphy_006,arc,0.1,35078217,0.149672
cphy_006,lecar,0.1,35078217,0.137113
cphy_006,lfu,0.1,35078217,0.171921
cphy_006,lru,0.1,35078217,0.161542
cphy_006,s3fifo,0.1,35078217,0.14021
cphy_007,arc,0.001,30859806,0.401303
cphy_007,lecar,0.001,30859806,0.428438
cphy_007,lfu,0.001,30859806,0.504311
cphy_007,lru,0.001,30859806,0.473976
cphy_007,s3fifo,0.001,30859806,0.402682
cphy_007,arc,0.01,30859806,0.409038
cphy_007,lecar,0.01,30859806,0.404533
cphy_007,lfu,0.01,30859806,0.439695
cphy_007,lru,0.01,30859806,0.470899
cphy_007,s3fifo,0.01,30859806,0.390818
cphy_007,arc,0.1,30859806,0.360806
cphy_007,lecar,0.1,30859806,0.335073
cphy_007,lfu,0.1,30859806,0.344318
cphy_007,lru,0.1,30859806,0.382211
cphy_007,s3fifo,0.1,30859806,0.306461
cphy_008,arc,0.001,30372244,0.268548
cphy_008,lecar,0.001,30372244,0.259296
cphy_008,lfu,0.001,30372244,0.27856
cphy_008,lru,0.001,30372244,0.316713
cphy_008,s3fifo,0.001,30372244,0.2381
cphy_008,arc,0.01,30372244,0.249568
cphy_008,lecar,0.01,30372244,0.259828
cphy_008,lfu,0.01,30372244,0.282056
cphy_008,lru,0.01,30372244,0.294771
cphy_008,s3fifo,0.01,30372244,0.218512
cphy_008,arc,0.1,30372244,0.216587
cphy_008,lecar,0.1,30372244,0.20532
cphy_008,lfu,0.1,30372244,0.210067
cphy_008,lru,0.1,30372244,0.213235
cphy_008,s3fifo,0.1,30372244,0.183459
cphy_009,arc,0.001,6865337,0.292809
cphy_009,lecar,0.001,6865337,0.304876
cphy_009,lfu,0.001,6865337,0.317804
cphy_009,lru,0.001,6865337,0.316749
cphy_009,s3fifo,0.001,6865337,0.269213
cphy_009,arc,0.01,6865337,0.276826
cphy_009,lecar,0.01,6865337,0.273856
cphy_009,lfu,0.01,6865337,0.310506
cphy_009,lru,0.01,6865337,0.301105
cphy_009,s3fifo,0.01,6865337,0.281553
cphy_009,arc,0.1,6865337,0.234216
cphy_009,lecar,0.1,6865337,0.217903
cphy_009,lfu,0.1,6865337,0.252044
cphy_009,lru,0.1,6865337,0.267459
cphy_009,s3fifo,0.1,6865337,0.212273
cphy_010,arc,0.001,10672217,0.217465
cphy_010,lecar,0.001,10672217,0.195929
cphy_010,lfu,0.001,10672217,0.218307
cphy_010,lru,0.001,10672217,0.227208
cphy_010,s3fifo,0.001,10672217,0.219137
cphy_010,arc,0.01,10672217,0.202234
cphy_010,lecar,0.01,10672217,0.183832
cphy_010,lfu,0.01,10672217,0.225719
cphy_010,lru,0.01,10672217,0.243339
cphy_010,s3fifo,0.01,10672217,0.191047
cphy_010,arc,0.1,10672217,0.180195
cphy_010,lecar,0.1,10672217,0.166095
cphy_010,lfu,0.1,10672217,0.194765
cphy_010,lru,0.1,10672217,0.19318
cphy_010,s3fifo,0.1,10672217,0.160516
cphy_011,arc,0.001,39458099,0.459921
cphy_011,lecar,0.001,39458099,0.489608
cphy_011,lfu,0.001,39458099,0.545243
cphy_011,lru,0.001,39458099,0.542967
cphy_011,s3fifo,0.001,39458099,0.503719
cphy_011,arc,0.01,39458099,0.455084
cphy_011,lecar,0.01,39458099,0.471033
cphy_011,lfu,0.01,39458099,0.525443
cphy_011,lru,0.01,39458099,0.536073
cphy_011,s3fifo,0.01,39458099,0.441402
cphy_011,arc,0.1,39458099,0.401687
cphy_011,lecar,0.1,39458099,0.375763
cphy_011,lfu,0.1,39458099,0.405989
cphy_011,lru,0.1,39458099,0.44839
cphy_011,s3fifo,0.1,39458099,0.350394
cphy_012,arc,0.001,11026623,0.301802
cphy_012,lecar,0.001,11026623,0.291061
cphy_012,lfu,0.001,11026623,0.352242
cphy_012,lru,0.001,11026623,0.365036
cphy_012,s3fifo,0.001,11026623,0.294631
cphy_012,arc,0.01,11026623,0.292429
cphy_012,lecar,0.01,11026623,0.290901
cphy_012,lfu,0.01,11026623,0.349336
cphy_012,lru,0.01,11026623,0.323814
cphy_012,s3fifo,0.01,11026623,0.274647
cphy_012,arc,0.1,11026623,0.228937
cphy_012,lecar,0.1,11026623,0.213594
cphy_012,lfu,0.1,11026623,0.250106
cphy_012,lru,0.1,11026623,0.269558
cphy_012,s3fifo,0.1,11026623,0.209606
cphy_013,arc,0.001,4156808,0.396648
cphy_013,lecar,0.001,4156808,0.386886
cphy_013,lfu,0.001,4156808,0.483282
cphy_013,lru,0.001,4156808,0.471079
cphy_013,s3fifo,0.001,4156808,0.406334
cphy_013,arc,0.01,4156808,0.422606
cphy_013,lecar,0.01,4156808,0.395362
cphy_013,lfu,0.01,4156808,0.485942
cphy_013,lru,0.01,4156808,0.454566
cphy_013,s3fifo,0.01,4156808,0.391713
cphy_013,arc,0.1,4156808,0.329429
cphy_013,lecar,0.1,4156808,0.325325
cphy_013,lfu,0.1,4156808,0.340691
cphy_013,lru,0.1,4156808,0.358306
cphy_013,s3fifo,0.1,4156808,0.284413
cphy_014,arc,0.001,5432209,0.567239
cphy_014,lecar,0.001,5432209,0.510773
cphy_014,lfu,0.001,5432209,0.546967
cphy_014,lru,0.001,5432209,0.618446
cphy_014,s3fifo,0.001,5432209,0.520984
cphy_014,arc,0.01,5432209,0.567993
cphy_014,lecar,0.01,5432209,0.51785
cphy_014,lfu,0.01,5432209,0.545553
cphy_014,lru,0.01,5432209,0.583765
cphy_014,s3fifo,0.01,5432209,0.493076
cphy_014,arc,0.1,5432209,0.381948
cphy_014,lecar,0.1,5432209,0.413324
cphy_014,lfu,0.1,5432209,0.474326
cphy_014,lru,0.1,5432209,0.465541
cphy_014,s3fifo,0.1,5432209,0.382635
cphy_015,arc,0.001,34035643,0.501935
cphy_015,lecar,0.001,34035643,0.476711
cphy_015,lfu,0.001,34035643,0.537266
cphy_015,lru,0.001,34035643,0.503095
cphy_015,s3fifo,0.001,34035643,0.428057
cphy_015,arc,0.01,34035643,0.503493
cphy_015,lecar,0.01,34035643,0.465
cphy_015,lfu,0.01,34035643,0.469624
cphy_015,lru,0.01,34035643,0.47392
cphy_015,s3fifo,0.01,34035643,0.427291
cphy_015,arc,0.1,34035643,0.330558
cphy_015,lecar,0.1,34035643,0.330113
cphy_015,lfu,0.1,34035643,0.36676
cphy_015,lru,0.1,34035643,0.401102
cphy_015,s3fifo,0.1,34035643,0.333841
cphy_016,arc,0.001,36838743,0.434227
cphy_016,lecar,0.001,36838743,0.417164
cphy_016,lfu,0.001,36838743,0.469127
cphy_016,lru,0.001,36838743,0.45269
cphy_016,s3fifo,0.001,36838743,0.37813
cphy_016,arc,0.01,36838743,0.460644
cphy_016,lecar,0.01,36838743,0.382079
cphy_016,lfu,0.01,36838743,0.454363
cphy_016,lru,0.01,36838743,0.462225
cphy_016,s3fifo,0.01,36838743,0.400548
cphy_016,arc,0.1,36838743,0.345409
cphy_016,lecar,0.1,36838743,0.317251
cphy_016,lfu,0.1,36838743,0.38406
cphy_016,lru,0.1,36838743,0.350176
cphy_016,s3fifo,0.1,36838743,0.309292
cphy_017,arc,0.001,32126973,0.416483
cphy_017,lecar,0.001,32126973,0.369611
cphy_017,lfu,0.001,32126973,0.47302
cphy_017,lru,0.001,32126973,0.468108
cphy_017,s3fifo,0.001,32126973,0.410666
cphy_017,arc,0.01,32126973,0.455298
cphy_017,lecar,0.01,32126973,0.406245
cphy_017,lfu,0.01,32126973,0.464989
cphy_017,lru,0.01,32126973,0.508443
cphy_017,s3fifo,0.01,32126973,0.401927
cphy_017,arc,0.1,32126973,0.329059
cphy_017,lecar,0.1,32126973,0.324959
cphy_017,lfu,0.1,32126973,0.361082
cphy_017,lru,0.1,32126973,0.387865
cphy_017,s3fifo,0.1,32126973,0.320842
cphy_018,arc,0.001,22840635,0.510265
cphy_018,lecar,0.001,22840635,0.449628
cphy_018,lfu,0.001,22840635,0.502983
cphy_018,lru,0.001,22840635,0.547876
cphy_018,s3fifo,0.001,22840635,0.448963
cphy_018,arc,0.01,22840635,0.45119
cphy_018,lecar,0.01,22840635,0.428205
cphy_018,lfu,0.01,22840635,0.513619
cphy_018,lru,0.01,22840635,0.495352
cphy_018,s3fifo,0.01,22840635,0.380587
cphy_018,arc,0.1,22840635,0.33127
cphy_018,lecar,0.1,22840635,0.330183
cphy_018,lfu,0.1,22840635,0.372938
cphy_018,lru,0.1,22840635,0.366423
cphy_018,s3fifo,0.1,22840635,0.344382
cphy_019,arc,0.001,12408080,0.335165
cphy_019,lecar,0.001,12408080,0.342422
cphy_019,lfu,0.001,12408080,0.336223
cphy_019,lru,0.001,12408080,0.388003
cphy_019,s3fifo,0.001,12408080,0.302737
cphy_019,arc,0.01,12408080,0.31056
cphy_019,lecar,0.01,12408080,0.326187
cphy_019,lfu,0.01,12408080,0.356609
cphy_019,lru,0.01,12408080,0.353103
cphy_019,s3fifo,0.01,12408080,0.303042
cphy_019,arc,0.1,12408080,0.250394
cphy_019,lecar,0.1,12408080,0.223459
cphy_019,lfu,0.1,12408080,0.305177
cphy_019,lru,0.1,12408080,0.320544
cphy_019,s3fifo,0.1,12408080,0.260619
cphy_020,arc,0.001,21666000,0.247062
cphy_020,lecar,0.001,21666000,0.226748
cphy_020,lfu,0.001,21666000,0.257491
cphy_020,lru,0.001,21666000,0.257873
cphy_020,s3fifo,0.001,21666000,0.229534
cphy_020,arc,0.01,21666000,0.212835
cphy_020,lecar,0.01,21666000,0.219956
cphy_020,lfu,0.01,21666000,0.265303
cphy_020,lru,0.01,21666000,0.266273
cphy_020,s3fifo,0.01,21666000,0.198108
cphy_020,arc,0.1,21666000,0.201257
cphy_020,lecar,0.1,21666000,0.183053
cphy_020,lfu,0.1,21666000,0.178896
cphy_020,lru,0.1,21666000,0.213358
cphy_020,s3fifo,0.1,21666000,0.169604
cphy_021,arc,0.001,7685425,0.256801
cphy_021,lecar,0.001,7685425,0.268033
cphy_021,lfu,0.001,7685425,0.320494
cphy_021,lru,0.001,7685425,0.341221
cphy_021,s3fifo,0.001,7685425,0.264036
cphy_021,arc,0.01,7685425,0.296258
cphy_021,lecar,0.01,7685425,0.281413
cphy_021,lfu,0.01,7685425,0.298286
cphy_021,lru,0.01,7685425,0.323637
cphy_021,s3fifo,0.01,7685425,0.267696
cphy_021,arc,0.1,7685425,0.212008
cphy_021,lecar,0.1,7685425,0.211396
cphy_021,lfu,0.1,7685425,0.224653
cphy_021,lru,0.1,7685425,0.235532
cphy_021,s3fifo,0.1,7685425,0.188447
cphy_022,arc,0.001,38595264,0.357019
cphy_022,lecar,0.001,38595264,0.384926
cphy_022,lfu,0.001,38595264,0.391609
cphy_022,lru,0.001,38595264,0.395149
cphy_022,s3fifo,0.001,38595264,0.326517
cphy_022,arc,0.01,38595264,0.374984
cphy_022,lecar,0.01,38595264,0.354853
cphy_022,lfu,0.01,38595264,0.388876
cphy_022,lru,0.01,38595264,0.396325
cphy_022,s3fifo,0.01,38595264,0.325601
cphy_022,arc,0.1,38595264,0.278509
cphy_022,lecar,0.1,38595264,0.255254
cphy_022,lfu,0.1,38595264,0.288272
cphy_022,lru,0.1,38595264,0.327109
cphy_022,s3fifo,0.1,38595264,0.265503
cphy_023,arc,0.001,17238158,0.5583
cphy_023,lecar,0.001,17238158,0.521761
cphy_023,lfu,0.001,17238158,0.583267
cphy_023,lru,0.001,17238158,0.603792
cphy_023,s3fifo,0.001,17238158,0.529853
cphy_023,arc,0.01,17238158,0.579887
cphy_023,lecar,0.01,17238158,0.511427
cphy_023,lfu,0.01,17238158,0.615156
cphy_023,lru,0.01,17238158,0.642572
cphy_023,s3fifo,0.01,17238158,0.473587
cphy_023,arc,0.1,17238158,0.406723
cphy_023,lecar,0.1,17238158,0.402611
cphy_023,lfu,0.1,17238158,0.449789
cphy_023,lru,0.1,17238158,0.430056
cphy_023,s3fifo,0.1,17238158,0.364553
cphy_024,arc,0.001,13413831,0.237737
cphy_024,lecar,0.001,13413831,0.222804
cphy_024,lfu,0.001,13413831,0.2828
cphy_024,lru,0.001,13413831,0.268271
cphy_024,s3fifo,0.001,13413831,0.23865
cphy_024,arc,0.01,13413831,0.232248
cphy_024,lecar,0.01,13413831,0.23509
cphy_024,lfu,0.01,13413831,0.288193
cphy_024,lru,0.01,13413831,0.274762
cphy_024,s3fifo,0.01,13413831,0.215456
cphy_024,arc,0.1,13413831,0.199252
cphy_024,lecar,0.1,13413831,0.184323
cphy_024,lfu,0.1,13413831,0.205879
cphy_024,lru,0.1,13413831,0.19942
cphy_024,s3fifo,0.1,13413831,0.197064
cphy_025,arc,0.001,19827196,0.477098
cphy_025,lecar,0.001,19827196,0.467996
cphy_025,lfu,0.001,19827196,0.49905
cphy_025,lru,0.001,19827196,0.493014
cphy_025,s3fifo,0.001,19827196,0.434725
cphy_025,arc,0.01,19827196,0.474797
cphy_025,lecar,0.01,19827196,0.461836
cphy_025,lfu,0.01,19827196,0.50025
cphy_025,lru,0.01,19827196,0.552372
cphy_025,s3fifo,0.01,19827196,0.420215
cphy_025,arc,0.1,19827196,0.355526
cphy_025,lecar,0.1,19827196,0.394237
cphy_025,lfu,0.1,19827196,0.371561
cphy_025,lru,0.1,19827196,0.412358
cphy_025,s3fifo,0.1,19827196,0.32759
cphy_026,arc,0.001,35946919,0.48286
cphy_026,lecar,0.001,35946919,0.432346
cphy_026,lfu,0.001,35946919,0.521473
cphy_026,lru,0.001,35946919,0.549437
cphy_026,s3fifo,0.001,35946919,0.399631
cphy_026,arc,0.01,35946919,0.440358
cphy_026,lecar,0.01,35946919,0.396502
cphy_026,lfu,0.01,35946919,0.50711
cphy_026,lru,0.01,35946919,0.472503
cphy_026,s3fifo,0.01,35946919,0.411603
cphy_026,arc,0.1,35946919,0.369345
cphy_026,lecar,0.1,35946919,0.349338
cphy_026,lfu,0.1,35946919,0.375588
cphy_026,lru,0.1,35946919,0.357012
cphy_026,s3fifo,0.1,35946919,0.316544
cphy_027,arc,0.001,15143405,0.251381
cphy_027,lecar,0.001,15143405,0.244559
cphy_027,lfu,0.001,15143405,0.261196
cphy_027,lru,0.001,15143405,0.285596
cphy_027,s3fifo,0.001,15143405,0.21081
cphy_027,arc,0.01,15143405,0.232811
cphy_027,lecar,0.01,15143405,0.237679
cphy_027,lfu,0.01,15143405,0.273268
cphy_027,lru,0.01,15143405,0.265815
cphy_027,s3fifo,0.01,15143405,0.242103
cphy_027,arc,0.1,15143405,0.187351
cphy_027,lecar,0.1,15143405,0.189871
cphy_027,lfu,0.1,15143405,0.214802
cphy_027,lru,0.1,15143405,0.21267
cphy_027,s3fifo,0.1,15143405,0.173824
cphy_028,arc,0.001,16612734,0.236191
cphy_028,lecar,0.001,16612734,0.213508
cphy_028,lfu,0.001,16612734,0.270979
cphy_028,lru,0.001,16612734,0.241415
cphy_028,s3fifo,0.001,16612734,0.196457
cphy_028,arc,0.01,16612734,0.243767
cphy_028,lecar,0.01,16612734,0.201628
cphy_028,lfu,0.01,16612734,0.232688
cphy_028,lru,0.01,16612734,0.240416
cphy_028,s3fifo,0.01,16612734,0.207031
cphy_028,arc,0.1,16612734,0.181603
cphy_028,lecar,0.1,16612734,0.163169
cphy_028,lfu,0.1,16612734,0.195059
cphy_028,lru,0.1,16612734,0.200975
cphy_028,s3fifo,0.1,16612734,0.162082
cphy_029,arc,0.001,9989295,0.300734
cphy_029,lecar,0.001,9989295,0.282153
cphy_029,lfu,0.001,9989295,0.313346
cphy_029,lru,0.001,9989295,0.324438
cphy_029,s3fifo,0.001,9989295,0.299391
cphy_029,arc,0.01,9989295,0.295004
cphy_029,lecar,0.01,9989295,0.300754
cphy_029,lfu,0.01,9989295,0.341962
cphy_029,lru,0.01,9989295,0.319946
cphy_029,s3fifo,0.01,9989295,0.286576
cphy_029,arc,0.1,9989295,0.244726
cphy_029,lecar,0.1,9989295,0.248386
cphy_029,lfu,0.1,9989295,0.26451
cphy_029,lru,0.1,9989295,0.250651
cphy_029,s3fifo,0.1,9989295,0.214086
cphy_030,arc,0.001,37957005,0.468152
cphy_030,lecar,0.001,37957005,0.393196
cphy_030,lfu,0.001,37957005,0.482573
cphy_030,lru,0.001,37957005,0.514316
cphy_030,s3fifo,0.001,37957005,0.478586
cphy_030,arc,0.01,37957005,0.493624
cphy_030,lecar,0.01,37957005,0.431241
cphy_030,lfu,0.01,37957005,0.486385
cphy_030,lru,0.01,37957005,0.495828
cphy_030,s3fifo,0.01,37957005,0.441175
cphy_030,arc,0.1,37957005,0.330827
cphy_030,lecar,0.1,37957005,0.354494
cphy_030,lfu,0.1,37957005,0.40185
cphy_030,lru,0.1,37957005,0.431255
cphy_030,s3fifo,0.1,37957005,0.330231
cphy_031,arc,0.001,12414298,0.456795
cphy_031,lecar,0.001,12414298,0.419746
cphy_031,lfu,0.001,12414298,0.457795
cphy_031,lru,0.001,12414298,0.47238
cphy_031,s3fifo,0.001,12414298,0.402546
cphy_031,arc,0.01,12414298,0.401991
cphy_031,lecar,0.01,12414298,0.385537
cphy_031,lfu,0.01,12414298,0.419285
cphy_031,lru,0.01,12414298,0.445902
cphy_031,s3fifo,0.01,12414298,0.380957
cphy_031,arc,0.1,12414298,0.302842
cphy_031,lecar,0.1,12414298,0.309455
cphy_031,lfu,0.1,12414298,0.343978
cphy_031,lru,0.1,12414298,0.382754
cphy_031,s3fifo,0.1,12414298,0.300488
cphy_032,arc,0.001,7617527,0.181738
cphy_032,lecar,0.001,7617527,0.179027
cphy_032,lfu,0.001,7617527,0.200539
cphy_032,lru,0.001,7617527,0.199778
cphy_032,s3fifo,0.001,7617527,0.167048
cphy_032,arc,0.01,7617527,0.182702
cphy_032,lecar,0.01,7617527,0.148761
cphy_032,lfu,0.01,7617527,0.187819
cphy_032,lru,0.01,7617527,0.188146
cphy_032,s3fifo,0.01,7617527,0.157346
cphy_032,arc,0.1,7617527,0.137209
cphy_032,lecar,0.1,7617527,0.135129
cphy_032,lfu,0.1,7617527,0.16093
cphy_032,lru,0.1,7617527,0.162629
cphy_032,s3fifo,0.1,7617527,0.128904
cphy_033,arc,0.001,28976195,0.16078
cphy_033,lecar,0.001,28976195,0.162276
cphy_033,lfu,0.001,28976195,0.191745
cphy_033,lru,0.001,28976195,0.19832
cphy_033,s3fifo,0.001,28976195,0.154503
cphy_033,arc,0.01,28976195,0.170261
cphy_033,lecar,0.01,28976195,0.144698
cphy_033,lfu,0.01,28976195,0.169063
cphy_033,lru,0.01,28976195,0.181448
cphy_033,s3fifo,0.01,28976195,0.144618
cphy_033,arc,0.1,28976195,0.145582
cphy_033,lecar,0.1,28976195,0.125854
cphy_033,lfu,0.1,28976195,0.133675
cphy_033,lru,0.1,28976195,0.151199
cphy_033,s3fifo,0.1,28976195,0.127799
cphy_034,arc,0.001,32402732,0.523899
cphy_034,lecar,0.001,32402732,0.493609
cphy_034,lfu,0.001,32402732,0.58385
cphy_034,lru,0.001,32402732,0.590766
cphy_034,s3fifo,0.001,32402732,0.48126
cphy_034,arc,0.01,32402732,0.519553
cphy_034,lecar,0.01,32402732,0.489209
cphy_034,lfu,0.01,32402732,0.556291
cphy_034,lru,0.01,32402732,0.555532
cphy_034,s3fifo,0.01,32402732,0.443217
cphy_034,arc,0.1,32402732,0.363104
cphy_034,lecar,0.1,32402732,0.408894
cphy_034,lfu,0.1,32402732,0.456376
cphy_034,lru,0.1,32402732,0.461408
cphy_034,s3fifo,0.1,32402732,0.390245
cphy_035,arc,0.001,26053499,0.202242
cphy_035,lecar,0.001,26053499,0.193996
cphy_035,lfu,0.001,26053499,0.230546
cphy_035,lru,0.001,26053499,0.241985
cphy_035,s3fifo,0.001,26053499,0.200593
cphy_035,arc,0.01,26053499,0.203347
cphy_035,lecar,0.01,26053499,0.197799
cphy_035,lfu,0.01,26053499,0.22782
cphy_035,lru,0.01,26053499,0.223181
cphy_035,s3fifo,0.01,26053499,0.184293
cphy_035,arc,0.1,26053499,0.151225
cphy_035,lecar,0.1,26053499,0.158209
cphy_035,lfu,0.1,26053499,0.155599
cphy_035,lru,0.1,26053499,0.18785
cphy_035,s3fifo,0.1,26053499,0.147383
cphy_036,arc,0.001,7963954,0.290202
cphy_036,lecar,0.001,7963954,0.280744
cphy_036,lfu,0.001,7963954,0.286527
cphy_036,lru,0.001,7963954,0.316618
cphy_036,s3fifo,0.001,7963954,0.280057
cphy_036,arc,0.01,7963954,0.271765
cphy_036,lecar,0.01,7963954,0.275959
cphy_036,lfu,0.01,7963954,0.299217
cphy_036,lru,0.01,7963954,0.287504
cphy_036,s3fifo,0.01,7963954,0.251843
cphy_036,arc,0.1,7963954,0.245379
cphy_036,lecar,0.1,7963954,0.206682
cphy_036,lfu,0.1,7963954,0.238186
cphy_036,lru,0.1,7963954,0.24238
cphy_036,s3fifo,0.1,7963954,0.202371
cphy_037,arc,0.001,32294780,0.38106
cphy_037,lecar,0.001,32294780,0.387508
cphy_037,lfu,0.001,32294780,0.402458
cphy_037,lru,0.001,32294780,0.452315
cphy_037,s3fifo,0.001,32294780,0.356572
cphy_037,arc,0.01,32294780,0.351446
cphy_037,lecar,0.01,32294780,0.368847
cphy_037,lfu,0.01,32294780,0.468613
cphy_037,lru,0.01,32294780,0.420872
cphy_037,s3fifo,0.01,32294780,0.351387
cphy_037,arc,0.1,32294780,0.307778
cphy_037,lecar,0.1,32294780,0.293699
cphy_037,lfu,0.1,32294780,0.339872
cphy_037,lru,0.1,32294780,0.335727
cphy_037,s3fifo,0.1,32294780,0.301942
cphy_038,arc,0.001,37733546,0.371399
cphy_038,lecar,0.001,37733546,0.369842
cphy_038,lfu,0.001,37733546,0.398479
cphy_038,lru,0.001,37733546,0.41556
cphy_038,s3fifo,0.001,37733546,0.304472
cphy_038,arc,0.01,37733546,0.367664
cphy_038,lecar,0.01,37733546,0.313179
cphy_038,lfu,0.01,37733546,0.372337
cphy_038,lru,0.01,37733546,0.386537
cphy_038,s3fifo,0.01,37733546,0.323599
cphy_038,arc,0.1,37733546,0.274472
cphy_038,lecar,0.1,37733546,0.274869
cphy_038,lfu,0.1,37733546,0.311027
cphy_038,lru,0.1,37733546,0.299056
cphy_038,s3fifo,0.1,37733546,0.274278
cphy_039,arc,0.001,39244156,0.38632
cphy_039,lecar,0.001,39244156,0.4024
cphy_039,lfu,0.001,39244156,0.443606
cphy_039,lru,0.001,39244156,0.457968
cphy_039,s3fifo,0.001,39244156,0.379608
cphy_039,arc,0.01,39244156,0.391353
cphy_039,lecar,0.01,39244156,0.434608
cphy_039,lfu,0.01,39244156,0.445352
cphy_039,lru,0.01,39244156,0.47677
cphy_039,s3fifo,0.01,39244156,0.381931
cphy_039,arc,0.1,39244156,0.34161
cphy_039,lecar,0.1,39244156,0.317095
cphy_039,lfu,0.1,39244156,0.332828
cphy_039,lru,0.1,39244156,0.341351
cphy_039,s3fifo,0.1,39244156,0.279573
cphy_040,arc,0.001,34420752,0.173754
cphy_040,lecar,0.001,34420752,0.174247
cphy_040,lfu,0.001,34420752,0.198481
cphy_040,lru,0.001,34420752,0.204734
cphy_040,s3fifo,0.001,34420752,0.150688
cphy_040,arc,0.01,34420752,0.173666
cphy_040,lecar,0.01,34420752,0.163682
cphy_040,lfu,0.01,34420752,0.166737
cphy_040,lru,0.01,34420752,0.202948
cphy_040,s3fifo,0.01,34420752,0.16264
cphy_040,arc,0.1,34420752,0.137737
cphy_040,lecar,0.1,34420752,0.130354
cphy_040,lfu,0.1,34420752,0.145885
cphy_040,lru,0.1,34420752,0.144683
cphy_040,s3fifo,0.1,34420752,0.11503
cphy_041,arc,0.001,10915055,0.558297
cphy_041,lecar,0.001,10915055,0.558494
cphy_041,lfu,0.001,10915055,0.545577
cphy_041,lru,0.001,10915055,0.601658
cphy_041,s3fifo,0.001,10915055,0.561053
cphy_041,arc,0.01,10915055,0.527211
cphy_041,lecar,0.01,10915055,0.456226
cphy_041,lfu,0.01,10915055,0.601152
cphy_041,lru,0.01,10915055,0.61074
cphy_041,s3fifo,0.01,10915055,0.471761
cphy_041,arc,0.1,10915055,0.393442
cphy_041,lecar,0.1,10915055,0.381482
cphy_041,lfu,0.1,10915055,0.469452
cphy_041,lru,0.1,10915055,0.439879
cphy_041,s3fifo,0.1,10915055,0.36519
cphy_042,arc,0.001,34052839,0.427737
cphy_042,lecar,0.001,34052839,0.407629
cphy_042,lfu,0.001,34052839,0.411713
cphy_042,lru,0.001,34052839,0.437563
cphy_042,s3fifo,0.001,34052839,0.33963
cphy_042,arc,0.01,34052839,0.366473
cphy_042,lecar,0.01,34052839,0.3696
cphy_042,lfu,0.01,34052839,0.3908
cphy_042,lru,0.01,34052839,0.431276
cphy_042,s3fifo,0.01,34052839,0.354319
cphy_042,arc,0.1,34052839,0.297411
cphy_042,lecar,0.1,34052839,0.304326
cphy_042,lfu,0.1,34052839,0.315842
cphy_042,lru,0.1,34052839,0.310577
cphy_042,s3fifo,0.1,34052839,0.251658
cphy_043,arc,0.001,22468032,0.466913
cphy_043,lecar,0.001,22468032,0.425973
cphy_043,lfu,0.001,22468032,0.525979
cphy_043,lru,0.001,22468032,0.468346
cphy_043,s3fifo,0.001,22468032,0.41712
cphy_043,arc,0.01,22468032,0.412093
cphy_043,lecar,0.01,22468032,0.429648
cphy_043,lfu,0.01,22468032,0.501087
cphy_043,lru,0.01,22468032,0.491205
cphy_043,s3fifo,0.01,22468032,0.383983
cphy_043,arc,0.1,22468032,0.338377
cphy_043,lecar,0.1,22468032,0.310346
cphy_043,lfu,0.1,22468032,0.381025
cphy_043,lru,0.1,22468032,0.385071
cphy_043,s3fifo,0.1,22468032,0.331284
cphy_044,arc,0.001,10049249,0.426343
cphy_044,lecar,0.001,10049249,0.429474
cphy_044,lfu,0.001,10049249,0.449289
cphy_044,lru,0.001,10049249,0.49073
cphy_044,s3fifo,0.001,10049249,0.424984
cphy_044,arc,0.01,10049249,0.42551
cphy_044,lecar,0.01,10049249,0.38519
cphy_044,lfu,0.01,10049249,0.464663
cphy_044,lru,0.01,10049249,0.422392
cphy_044,s3fifo,0.01,10049249,0.354647
cphy_044,arc,0.1,10049249,0.307731
cphy_044,lecar,0.1,10049249,0.308597
cphy_044,lfu,0.1,10049249,0.335734
cphy_044,lru,0.1,10049249,0.345694
cphy_044,s3fifo,0.1,10049249,0.284746
cphy_045,arc,0.001,5927344,0.212238
cphy_045,lecar,0.001,5927344,0.215793
cphy_045,lfu,0.001,5927344,0.24509
cphy_045,lru,0.001,5927344,0.262211
cphy_045,s3fifo,0.001,5927344,0.2106
cphy_045,arc,0.01,5927344,0.22069
cphy_045,lecar,0.01,5927344,0.219452
cphy_045,lfu,0.01,5927344,0.250179
cphy_045,lru,0.01,5927344,0.254528
cphy_045,s3fifo,0.01,5927344,0.192705
cphy_045,arc,0.1,5927344,0.173816
cphy_045,lecar,0.1,5927344,0.16859
cphy_045,lfu,0.1,5927344,0.188182
cphy_045,lru,0.1,5927344,0.188113
cphy_045,s3fifo,0.1,5927344,0.15656
cphy_046,arc,0.001,39759592,0.500366
cphy_046,lecar,0.001,39759592,0.485236
cphy_046,lfu,0.001,39759592,0.520888
cphy_046,lru,0.001,39759592,0.520623
cphy_046,s3fifo,0.001,39759592,0.461023
cphy_046,arc,0.01,39759592,0.470175
cphy_046,lecar,0.01,39759592,0.485736
cphy_046,lfu,0.01,39759592,0.537614
cphy_046,lru,0.01,39759592,0.535048
cphy_046,s3fifo,0.01,39759592,0.417192
cphy_046,arc,0.1,39759592,0.371748
cphy_046,lecar,0.1,39759592,0.377457
cphy_046,lfu,0.1,39759592,0.391846
cphy_046,lru,0.1,39759592,0.420738
cphy_046,s3fifo,0.1,39759592,0.350365
cphy_047,arc,0.001,22283338,0.340198
cphy_047,lecar,0.001,22283338,0.33478
cphy_047,lfu,0.001,22283338,0.325855
cphy_047,lru,0.001,22283338,0.368969
cphy_047,s3fifo,0.001,22283338,0.297846
cphy_047,arc,0.01,22283338,0.319719
cphy_047,lecar,0.01,22283338,0.321456
cphy_047,lfu,0.01,22283338,0.371589
cphy_047,lru,0.01,22283338,0.374326
cphy_047,s3fifo,0.01,22283338,0.289904
cphy_047,arc,0.1,22283338,0.260828
cphy_047,lecar,0.1,22283338,0.265752
cphy_047,lfu,0.1,22283338,0.284827
cphy_047,lru,0.1,22283338,0.280398
cphy_047,s3fifo,0.1,22283338,0.229772
cphy_048,arc,0.001,4237719,0.306236
cphy_048,lecar,0.001,4237719,0.285961
cphy_048,lfu,0.001,4237719,0.315983
cphy_048,lru,0.001,4237719,0.297109
cphy_048,s3fifo,0.001,4237719,0.265773
cphy_048,arc,0.01,4237719,0.261326
cphy_048,lecar,0.01,4237719,0.297921
cphy_048,lfu,0.01,4237719,0.290699
cphy_048,lru,0.01,4237719,0.305162
cphy_048,s3fifo,0.01,4237719,0.236056
cphy_048,arc,0.1,4237719,0.235276
cphy_048,lecar,0.1,4237719,0.192577
cphy_048,lfu,0.1,4237719,0.226524
cphy_048,lru,0.1,4237719,0.251011
cphy_048,s3fifo,0.1,4237719,0.195623
cphy_049,arc,0.001,34307899,0.210142
cphy_049,lecar,0.001,34307899,0.203708
cphy_049,lfu,0.001,34307899,0.228184
cphy_049,lru,0.001,34307899,0.247368
cphy_049,s3fifo,0.001,34307899,0.205226
cphy_049,arc,0.01,34307899,0.198434
cphy_049,lecar,0.01,34307899,0.20355
cphy_049,lfu,0.01,34307899,0.225809
cphy_049,lru,0.01,34307899,0.228352
cphy_049,s3fifo,0.01,34307899,0.193667
cphy_049,arc,0.1,34307899,0.156118
cphy_049,lecar,0.1,34307899,0.173219
cphy_049,lfu,0.1,34307899,0.17609
cphy_049,lru,0.1,34307899,0.190198
cphy_049,s3fifo,0.1,34307899,0.153386
cphy_050,arc,0.001,15658421,0.449367
cphy_050,lecar,0.001,15658421,0.451967
cphy_050,lfu,0.001,15658421,0.52339
cphy_050,lru,0.001,15658421,0.533779
cphy_050,s3fifo,0.001,15658421,0.455094
cphy_050,arc,0.01,15658421,0.441128
cphy_050,lecar,0.01,15658421,0.386706
cphy_050,lfu,0.01,15658421,0.478272
cphy_050,lru,0.01,15658421,0.515789
cphy_050,s3fifo,0.01,15658421,0.402558
cphy_050,arc,0.1,15658421,0.390108
cphy_050,lecar,0.1,15658421,0.357825
cphy_050,lfu,0.1,15658421,0.37597
cphy_050,lru,0.1,15658421,0.40076
cphy_050,s3fifo,0.1,15658421,0.337137
cphy_051,arc,0.001,21811479,0.207296
cphy_051,lecar,0.001,21811479,0.189377
cphy_051,lfu,0.001,21811479,0.202397
cphy_051,lru,0.001,21811479,0.220906
cphy_051,s3fifo,0.001,21811479,0.178103
cphy_051,arc,0.01,21811479,0.18662
cphy_051,lecar,0.01,21811479,0.179531
cphy_051,lfu,0.01,21811479,0.195933
cphy_051,lru,0.01,21811479,0.203103
cphy_051,s3fifo,0.01,21811479,0.177322
cphy_051,arc,0.1,21811479,0.158617
cphy_051,lecar,0.1,21811479,0.143969
cphy_051,lfu,0.1,21811479,0.16534
cphy_051,lru,0.1,21811479,0.166351
cphy_051,s3fifo,0.1,21811479,0.130835
cphy_052,arc,0.001,35074200,0.441442
cphy_052,lecar,0.001,35074200,0.357731
cphy_052,lfu,0.001,35074200,0.44529
cphy_052,lru,0.001,35074200,0.478473
cphy_052,s3fifo,0.001,35074200,0.347168
cphy_052,arc,0.01,35074200,0.347286
cphy_052,lecar,0.01,35074200,0.36843
cphy_052,lfu,0.01,35074200,0.397978
cphy_052,lru,0.01,35074200,0.434233
cphy_052,s3fifo,0.01,35074200,0.358011
cphy_052,arc,0.1,35074200,0.313368
cphy_052,lecar,0.1,35074200,0.316456
cphy_052,lfu,0.1,35074200,0.349603
cphy_052,lru,0.1,35074200,0.323656
cphy_052,s3fifo,0.1,35074200,0.275678
cphy_053,arc,0.001,12934085,0.472446
cphy_053,lecar,0.001,12934085,0.449906
cphy_053,lfu,0.001,12934085,0.544858
cphy_053,lru,0.001,12934085,0.475264
cphy_053,s3fifo,0.001,12934085,0.411064
cphy_053,arc,0.01,12934085,0.437432
cphy_053,lecar,0.01,12934085,0.436405
cphy_053,lfu,0.01,12934085,0.476464
cphy_053,lru,0.01,12934085,0.534517
cphy_053,s3fifo,0.01,12934085,0.389694
cphy_053,arc,0.1,12934085,0.37944
cphy_053,lecar,0.1,12934085,0.331997
cphy_053,lfu,0.1,12934085,0.343535
cphy_053,lru,0.1,12934085,0.394662
cphy_053,s3fifo,0.1,12934085,0.318217
cphy_054,arc,0.001,6948791,0.275831
cphy_054,lecar,0.001,6948791,0.270362
cphy_054,lfu,0.001,6948791,0.319336
cphy_054,lru,0.001,6948791,0.316711
cphy_054,s3fifo,0.001,6948791,0.266798
cphy_054,arc,0.01,6948791,0.287801
cphy_054,lecar,0.01,6948791,0.288663
cphy_054,lfu,0.01,6948791,0.284134
cphy_054,lru,0.01,6948791,0.319669
cphy_054,s3fifo,0.01,6948791,0.247837
cphy_054,arc,0.1,6948791,0.219354
cphy_054,lecar,0.1,6948791,0.214612
cphy_054,lfu,0.1,6948791,0.24582
cphy_054,lru,0.1,6948791,0.246635
cphy_054,s3fifo,0.1,6948791,0.22071
cphy_055,arc,0.001,4232514,0.217497
cphy_055,lecar,0.001,4232514,0.198512
cphy_055,lfu,0.001,4232514,0.242293
cphy_055,lru,0.001,4232514,0.246935
cphy_055,s3fifo,0.001,4232514,0.200202
cphy_055,arc,0.01,4232514,0.19317
cphy_055,lecar,0.01,4232514,0.218282
cphy_055,lfu,0.01,4232514,0.236722
cphy_055,lru,0.01,4232514,0.232449
cphy_055,s3fifo,0.01,4232514,0.201927
cphy_055,arc,0.1,4232514,0.167969
cphy_055,lecar,0.1,4232514,0.156604
cphy_055,lfu,0.1,4232514,0.173969
cphy_055,lru,0.1,4232514,0.184098
cphy_055,s3fifo,0.1,4232514,0.16364
cphy_056,arc,0.001,13710234,0.18235
cphy_056,lecar,0.001,13710234,0.174614
cphy_056,lfu,0.001,13710234,0.198687
cphy_056,lru,0.001,13710234,0.200247
cphy_056,s3fifo,0.001,13710234,0.151859
cphy_056,arc,0.01,13710234,0.161542
cphy_056,lecar,0.01,13710234,0.167267
cphy_056,lfu,0.01,13710234,0.1742
cphy_056,lru,0.01,13710234,0.175737
cphy_056,s3fifo,0.01,13710234,0.149364
cphy_056,arc,0.1,13710234,0.139557
cphy_056,lecar,0.1,13710234,0.137053
cphy_056,lfu,0.1,13710234,0.142104
cphy_056,lru,0.1,13710234,0.132985
cphy_056,s3fifo,0.1,13710234,0.130567
cphy_057,arc,0.001,9223533,0.169484
cphy_057,lecar,0.001,9223533,0.162782
cphy_057,lfu,0.001,9223533,0.19613
cphy_057,lru,0.001,9223533,0.19632
cphy_057,s3fifo,0.001,9223533,0.147359
cphy_057,arc,0.01,9223533,0.150201
cphy_057,lecar,0.01,9223533,0.151524
cphy_057,lfu,0.01,9223533,0.161632
cphy_057,lru,0.01,9223533,0.176561
cphy_057,s3fifo,0.01,9223533,0.142553
cphy_057,arc,0.1,9223533,0.12486
cphy_057,lecar,0.1,9223533,0.121485
cphy_057,lfu,0.1,9223533,0.128922
cphy_057,lru,0.1,9223533,0.145214
cphy_057,s3fifo,0.1,9223533,0.117994
cphy_058,arc,0.001,33323695,0.393466
cphy_058,lecar,0.001,33323695,0.34795
cphy_058,lfu,0.001,33323695,0.411789
cphy_058,lru,0.001,33323695,0.38567
cphy_058,s3fifo,0.001,33323695,0.333765
cphy_058,arc,0.01,33323695,0.384334
cphy_058,lecar,0.01,33323695,0.378013
cphy_058,lfu,0.01,33323695,0.369831
cphy_058,lru,0.01,33323695,0.401947
cphy_058,s3fifo,0.01,33323695,0.335507
cphy_058,arc,0.1,33323695,0.302445
cphy_058,lecar,0.1,33323695,0.276244
cphy_058,lfu,0.1,33323695,0.309641
cphy_058,lru,0.1,33323695,0.30862
cphy_058,s3fifo,0.1,33323695,0.255916
cphy_059,arc,0.001,34601854,0.416927
cphy_059,lecar,0.001,34601854,0.434978
cphy_059,lfu,0.001,34601854,0.453388
cphy_059,lru,0.001,34601854,0.501307
cphy_059,s3fifo,0.001,34601854,0.38327
cphy_059,arc,0.01,34601854,0.381266
cphy_059,lecar,0.01,34601854,0.441953
cphy_059,lfu,0.01,34601854,0.440634
cphy_059,lru,0.01,34601854,0.500416
cphy_059,s3fifo,0.01,34601854,0.390104
cphy_059,arc,0.1,34601854,0.343455
cphy_059,lecar,0.1,34601854,0.334174
cphy_059,lfu,0.1,34601854,0.360156
cphy_059,lru,0.1,34601854,0.38359
cphy_059,s3fifo,0.1,34601854,0.292857
cphy_060,arc,0.001,15760802,0.37142
cphy_060,lecar,0.001,15760802,0.406108
cphy_060,lfu,0.001,15760802,0.406937
cphy_060,lru,0.001,15760802,0.441977
cphy_060,s3fifo,0.001,15760802,0.359447
cphy_060,arc,0.01,15760802,0.365723
cphy_060,lecar,0.01,15760802,0.349294
cphy_060,lfu,0.01,15760802,0.40204
cphy_060,lru,0.01,15760802,0.416066
cphy_060,s3fifo,0.01,15760802,0.352648
cphy_060,arc,0.1,15760802,0.296286
cphy_060,lecar,0.1,15760802,0.250888
cphy_060,lfu,0.1,15760802,0.342339
cphy_060,lru,0.1,15760802,0.301374
cphy_060,s3fifo,0.1,15760802,0.247333
cphy_061,arc,0.001,36364849,0.273371
cphy_061,lecar,0.001,36364849,0.273407
cphy_061,lfu,0.001,36364849,0.298215
cphy_061,lru,0.001,36364849,0.31334
cphy_061,s3fifo,0.001,36364849,0.258535
cphy_061,arc,0.01,36364849,0.277349
cphy_061,lecar,0.01,36364849,0.264239
cphy_061,lfu,0.01,36364849,0.299811
cphy_061,lru,0.01,36364849,0.313023
cphy_061,s3fifo,0.01,36364849,0.253116
cphy_061,arc,0.1,36364849,0.218589
cphy_061,lecar,0.1,36364849,0.201159
cphy_061,lfu,0.1,36364849,0.233039
cphy_061,lru,0.1,36364849,0.247615
cphy_061,s3fifo,0.1,36364849,0.209481
cphy_062,arc,0.001,22597928,0.392715
cphy_062,lecar,0.001,22597928,0.358251
cphy_062,lfu,0.001,22597928,0.410144
cphy_062,lru,0.001,22597928,0.41356
cphy_062,s3fifo,0.001,22597928,0.318782
cphy_062,arc,0.01,22597928,0.362213
cphy_062,lecar,0.01,22597928,0.342354
cphy_062,lfu,0.01,22597928,0.388871
cphy_062,lru,0.01,22597928,0.371465
cphy_062,s3fifo,0.01,22597928,0.334751
cphy_062,arc,0.1,22597928,0.302762
cphy_062,lecar,0.1,22597928,0.254053
cphy_062,lfu,0.1,22597928,0.293169
cphy_062,lru,0.1,22597928,0.300684
cphy_062,s3fifo,0.1,22597928,0.30544
cphy_063,arc,0.001,35139787,0.38404
cphy_063,lecar,0.001,35139787,0.373747
cphy_063,lfu,0.001,35139787,0.403456
cphy_063,lru,0.001,35139787,0.460781
cphy_063,s3fifo,0.001,35139787,0.363872
cphy_063,arc,0.01,35139787,0.388681
cphy_063,lecar,0.01,35139787,0.361977
cphy_063,lfu,0.01,35139787,0.411603
cphy_063,lru,0.01,35139787,0.430221
cphy_063,s3fifo,0.01,35139787,0.364485
cphy_063,arc,0.1,35139787,0.278192
cphy_063,lecar,0.1,35139787,0.292699
cphy_063,lfu,0.1,35139787,0.331103
cphy_063,lru,0.1,35139787,0.31208
cphy_063,s3fifo,0.1,35139787,0.263841
cphy_064,arc,0.001,14526837,0.177046
cphy_064,lecar,0.001,14526837,0.165748
cphy_064,lfu,0.001,14526837,0.181322
cphy_064,lru,0.001,14526837,0.197424
cphy_064,s3fifo,0.001,14526837,0.159132
cphy_064,arc,0.01,14526837,0.144106
cphy_064,lecar,0.01,14526837,0.160943
cphy_064,lfu,0.01,14526837,0.19956
cphy_064,lru,0.01,14526837,0.185357
cphy_064,s3fifo,0.01,14526837,0.160378
cphy_064,arc,0.1,14526837,0.133984
cphy_064,lecar,0.1,14526837,0.12783
cphy_064,lfu,0.1,14526837,0.13679
cphy_064,lru,0.1,14526837,0.151119
cphy_064,s3fifo,0.1,14526837,0.132191
cphy_065,arc,0.001,22218696,0.447589
cphy_065,lecar,0.001,22218696,0.440393
cphy_065,lfu,0.001,22218696,0.487434
cphy_065,lru,0.001,22218696,0.485642
cphy_065,s3fifo,0.001,22218696,0.375474
cphy_065,arc,0.01,22218696,0.408304
cphy_065,lecar,0.01,22218696,0.389626
cphy_065,lfu,0.01,22218696,0.440633
cphy_065,lru,0.01,22218696,0.490172
cphy_065,s3fifo,0.01,22218696,0.403693
cphy_065,arc,0.1,22218696,0.35573
cphy_065,lecar,0.1,22218696,0.302135
cphy_065,lfu,0.1,22218696,0.359848
cphy_065,lru,0.1,22218696,0.372086
cphy_065,s3fifo,0.1,22218696,0.308144
cphy_066,arc,0.001,19047741,0.488034
cphy_066,lecar,0.001,19047741,0.397044
cphy_066,lfu,0.001,19047741,0.554804
cphy_066,lru,0.001,19047741,0.542752
cphy_066,s3fifo,0.001,19047741,0.415632
cphy_066,arc,0.01,19047741,0.460822
cphy_066,lecar,0.01,19047741,0.491327
cphy_066,lfu,0.01,19047741,0.478489
cphy_066,lru,0.01,19047741,0.502577
cphy_066,s3fifo,0.01,19047741,0.432715
cphy_066,arc,0.1,19047741,0.365087
cphy_066,lecar,0.1,19047741,0.361853
cphy_066,lfu,0.1,19047741,0.404168
cphy_066,lru,0.1,19047741,0.43017
cphy_066,s3fifo,0.1,19047741,0.326518
cphy_067,arc,0.001,25622351,0.372384
cphy_067,lecar,0.001,25622351,0.321173
cphy_067,lfu,0.001,25622351,0.384718
cphy_067,lru,0.001,25622351,0.417994
cphy_067,s3fifo,0.001,25622351,0.311106
cphy_067,arc,0.01,25622351,0.34762
cphy_067,lecar,0.01,25622351,0.27799
cphy_067,lfu,0.01,25622351,0.360521
cphy_067,lru,0.01,25622351,0.35578
cphy_067,s3fifo,0.01,25622351,0.314246
cphy_067,arc,0.1,25622351,0.257416
cphy_067,lecar,0.1,25622351,0.256912
cphy_067,lfu,0.1,25622351,0.298142
cphy_067,lru,0.1,25622351,0.309544
cphy_067,s3fifo,0.1,25622351,0.251483
cphy_068,arc,0.001,2250764,0.246784
cphy_068,lecar,0.001,2250764,0.240356
cphy_068,lfu,0.001,2250764,0.281126
cphy_068,lru,0.001,2250764,0.290973
cphy_068,s3fifo,0.001,2250764,0.24824
cphy_068,arc,0.01,2250764,0.227388
cphy_068,lecar,0.01,2250764,0.260313
cphy_068,lfu,0.01,2250764,0.257203
cphy_068,lru,0.01,2250764,0.280891
cphy_068,s3fifo,0.01,2250764,0.253874
cphy_068,arc,0.1,2250764,0.179627
cphy_068,lecar,0.1,2250764,0.191749
cphy_068,lfu,0.1,2250764,0.21531
cphy_068,lru,0.1,2250764,0.22052
cphy_068,s3fifo,0.1,2250764,0.183579
cphy_069,arc,0.001,32670778,0.203838
cphy_069,lecar,0.001,32670778,0.207507
cphy_069,lfu,0.001,32670778,0.234145
cphy_069,lru,0.001,32670778,0.233974
cphy_069,s3fifo,0.001,32670778,0.188955
cphy_069,arc,0.01,32670778,0.194426
cphy_069,lecar,0.01,32670778,0.191638
cphy_069,lfu,0.01,32670778,0.204245
cphy_069,lru,0.01,32670778,0.217318
cphy_069,s3fifo,0.01,32670778,0.191227
cphy_069,arc,0.1,32670778,0.145915
cphy_069,lecar,0.1,32670778,0.16391
cphy_069,lfu,0.1,32670778,0.179153
cphy_069,lru,0.1,32670778,0.183434
cphy_069,s3fifo,0.1,32670778,0.144275
cphy_070,arc,0.001,6987203,0.478373
cphy_070,lecar,0.001,6987203,0.473975
cphy_070,lfu,0.001,6987203,0.460421
cphy_070,lru,0.001,6987203,0.553531
cphy_070,s3fifo,0.001,6987203,0.411624
cphy_070,arc,0.01,6987203,0.457496
cphy_070,lecar,0.01,6987203,0.434898
cphy_070,lfu,0.01,6987203,0.473406
cphy_070,lru,0.01,6987203,0.52143
cphy_070,s3fifo,0.01,6987203,0.423862
cphy_070,arc,0.1,6987203,0.342107
cphy_070,lecar,0.1,6987203,0.322775
cphy_070,lfu,0.1,6987203,0.369302
cphy_070,lru,0.1,6987203,0.38339
cphy_070,s3fifo,0.1,6987203,0.304679
cphy_071,arc,0.001,27739687,0.199797
cphy_071,lecar,0.001,27739687,0.200908
cphy_071,lfu,0.001,27739687,0.192764
cphy_071,lru,0.001,27739687,0.224603
cphy_071,s3fifo,0.001,27739687,0.191672
cphy_071,arc,0.01,27739687,0.193476
cphy_071,lecar,0.01,27739687,0.195009
cphy_071,lfu,0.01,27739687,0.215734
cphy_071,lru,0.01,27739687,0.200724
cphy_071,s3fifo,0.01,27739687,0.17508
cphy_071,arc,0.1,27739687,0.156756
cphy_071,lecar,0.1,27739687,0.15278
cphy_071,lfu,0.1,27739687,0.171195
cphy_071,lru,0.1,27739687,0.173333
cphy_071,s3fifo,0.1,27739687,0.14248
cphy_072,arc,0.001,7607181,0.518512
cphy_072,lecar,0.001,7607181,0.476922
cphy_072,lfu,0.001,7607181,0.49288
cphy_072,lru,0.001,7607181,0.502962
cphy_072,s3fifo,0.001,7607181,0.48156
cphy_072,arc,0.01,7607181,0.456841
cphy_072,lecar,0.01,7607181,0.518069
cphy_072,lfu,0.01,7607181,0.531077
cphy_072,lru,0.01,7607181,0.55846
cphy_072,s3fifo,0.01,7607181,0.433179
cphy_072,arc,0.1,7607181,0.360515
cphy_072,lecar,0.1,7607181,0.371079
cphy_072,lfu,0.1,7607181,0.419728
cphy_072,lru,0.1,7607181,0.440415
cphy_072,s3fifo,0.1,7607181,0.38238
cphy_073,arc,0.001,25190432,0.269655
cphy_073,lecar,0.001,25190432,0.253855
cphy_073,lfu,0.001,25190432,0.26194
cphy_073,lru,0.001,25190432,0.278995
cphy_073,s3fifo,0.001,25190432,0.234891
cphy_073,arc,0.01,25190432,0.262648
cphy_073,lecar,0.01,25190432,0.255545
cphy_073,lfu,0.01,25190432,0.278551
cphy_073,lru,0.01,25190432,0.293846
cphy_073,s3fifo,0.01,25190432,0.255308
cphy_073,arc,0.1,25190432,0.211146
cphy_073,lecar,0.1,25190432,0.193383
cphy_073,lfu,0.1,25190432,0.213859
cphy_073,lru,0.1,25190432,0.219386
cphy_073,s3fifo,0.1,25190432,0.20452
cphy_074,arc,0.001,20995059,0.354117
cphy_074,lecar,0.001,20995059,0.334243
cphy_074,lfu,0.001,20995059,0.336816
cphy_074,lru,0.001,20995059,0.41516
cphy_074,s3fifo,0.001,20995059,0.278745
cphy_074,arc,0.01,20995059,0.340349
cphy_074,lecar,0.01,20995059,0.337971
cphy_074,lfu,0.01,20995059,0.315089
cphy_074,lru,0.01,20995059,0.36205
cphy_074,s3fifo,0.01,20995059,0.303536
cphy_074,arc,0.1,20995059,0.245423
cphy_074,lecar,0.1,20995059,0.274168
cphy_074,lfu,0.1,20995059,0.28337
cphy_074,lru,0.1,20995059,0.304623
cphy_074,s3fifo,0.1,20995059,0.24248
cphy_075,arc,0.001,37624859,0.408954
cphy_075,lecar,0.001,37624859,0.393407
cphy_075,lfu,0.001,37624859,0.430127
cphy_075,lru,0.001,37624859,0.454714
cphy_075,s3fifo,0.001,37624859,0.350684
cphy_075,arc,0.01,37624859,0.419303
cphy_075,lecar,0.01,37624859,0.409338
cphy_075,lfu,0.01,37624859,0.450955
cphy_075,lru,0.01,37624859,0.457569
cphy_075,s3fifo,0.01,37624859,0.395469
cphy_075,arc,0.1,37624859,0.306954
cphy_075,lecar,0.1,37624859,0.294803
cphy_075,lfu,0.1,37624859,0.363035
cphy_075,lru,0.1,37624859,0.382366
cphy_075,s3fifo,0.1,37624859,0.290463
cphy_076,arc,0.001,35631095,0.314584
cphy_076,lecar,0.001,35631095,0.302453
cphy_076,lfu,0.001,35631095,0.352576
cphy_076,lru,0.001,35631095,0.376485
cphy_076,s3fifo,0.001,35631095,0.276689
cphy_076,arc,0.01,35631095,0.33706
cphy_076,lecar,0.01,35631095,0.3106
cphy_076,lfu,0.01,35631095,0.306289
cphy_076,lru,0.01,35631095,0.356
cphy_076,s3fifo,0.01,35631095,0.307887
cphy_076,arc,0.1,35631095,0.233976
cphy_076,lecar,0.1,35631095,0.230742
cphy_076,lfu,0.1,35631095,0.27677
cphy_076,lru,0.1,35631095,0.276985
cphy_076,s3fifo,0.1,35631095,0.235076
cphy_077,arc,0.001,8025970,0.544541
cphy_077,lecar,0.001,8025970,0.536621
cphy_077,lfu,0.001,8025970,0.551172
cphy_077,lru,0.001,8025970,0.574086
cphy_077,s3fifo,0.001,8025970,0.460335
cphy_077,arc,0.01,8025970,0.516585
cphy_077,lecar,0.01,8025970,0.488239
cphy_077,lfu,0.01,8025970,0.551306
cphy_077,lru,0.01,8025970,0.534158
cphy_077,s3fifo,0.01,8025970,0.487348
cphy_077,arc,0.1,8025970,0.404492
cphy_077,lecar,0.1,8025970,0.410719
cphy_077,lfu,0.1,8025970,0.499585
cphy_077,lru,0.1,8025970,0.490169
cphy_077,s3fifo,0.1,8025970,0.393634
cphy_078,arc,0.001,16018958,0.383887
cphy_078,lecar,0.001,16018958,0.397424
cphy_078,lfu,0.001,16018958,0.402166
cphy_078,lru,0.001,16018958,0.446813
cphy_078,s3fifo,0.001,16018958,0.400252
cphy_078,arc,0.01,16018958,0.351073
cphy_078,lecar,0.01,16018958,0.378574
cphy_078,lfu,0.01,16018958,0.389806
cphy_078,lru,0.01,16018958,0.401142
cphy_078,s3fifo,0.01,16018958,0.341822
cphy_078,arc,0.1,16018958,0.285783
cphy_078,lecar,0.1,16018958,0.274711
cphy_078,lfu,0.1,16018958,0.329333
cphy_078,lru,0.1,16018958,0.304081
cphy_078,s3fifo,0.1,16018958,0.281893
cphy_079,arc,0.001,31525150,0.507731
cphy_079,lecar,0.001,31525150,0.476756
cphy_079,lfu,0.001,31525150,0.580513
cphy_079,lru,0.001,31525150,0.627498
cphy_079,s3fifo,0.001,31525150,0.476281
cphy_079,arc,0.01,31525150,0.485929
cphy_079,lecar,0.01,31525150,0.469038
cphy_079,lfu,0.01,31525150,0.553317
cphy_079,lru,0.01,31525150,0.532344
cphy_079,s3fifo,0.01,31525150,0.450556
cphy_079,arc,0.1,31525150,0.42048
cphy_079,lecar,0.1,31525150,0.408552
cphy_079,lfu,0.1,31525150,0.426176
cphy_079,lru,0.1,31525150,0.477656
cphy_079,s3fifo,0.1,31525150,0.365991
cphy_080,arc,0.001,26338909,0.479512
cphy_080,lecar,0.001,26338909,0.461638
cphy_080,lfu,0.001,26338909,0.554654
cphy_080,lru,0.001,26338909,0.509501
cphy_080,s3fifo,0.001,26338909,0.457473
cphy_080,arc,0.01,26338909,0.493465
cphy_080,lecar,0.01,26338909,0.466002
cphy_080,lfu,0.01,26338909,0.536764
cphy_080,lru,0.01,26338909,0.544404
cphy_080,s3fifo,0.01,26338909,0.475955
cphy_080,arc,0.1,26338909,0.369172
cphy_080,lecar,0.1,26338909,0.346563
cphy_080,lfu,0.1,26338909,0.377494
cphy_080,lru,0.1,26338909,0.392266
cphy_080,s3fifo,0.1,26338909,0.310213
cphy_081,arc,0.001,10730514,0.385969
cphy_081,lecar,0.001,10730514,0.35864
cphy_081,lfu,0.001,10730514,0.406271
cphy_081,lru,0.001,10730514,0.410531
cphy_081,s3fifo,0.001,10730514,0.340446
cphy_081,arc,0.01,10730514,0.367083
cphy_081,lecar,0.01,10730514,0.353958
cphy_081,lfu,0.01,10730514,0.391535
cphy_081,lru,0.01,10730514,0.438282
cphy_081,s3fifo,0.01,10730514,0.329762
cphy_081,arc,0.1,10730514,0.285456
cphy_081,lecar,0.1,10730514,0.300677
cphy_081,lfu,0.1,10730514,0.346306
cphy_081,lru,0.1,10730514,0.325964
cphy_081,s3fifo,0.1,10730514,0.256767
cphy_082,arc,0.001,15611863,0.184387
cphy_082,lecar,0.001,15611863,0.171557
cphy_082,lfu,0.001,15611863,0.214402
cphy_082,lru,0.001,15611863,0.191848
cphy_082,s3fifo,0.001,15611863,0.16467
cphy_082,arc,0.01,15611863,0.168297
cphy_082,lecar,0.01,15611863,0.170934
cphy_082,lfu,0.01,15611863,0.185844
cphy_082,lru,0.01,15611863,0.20768
cphy_082,s3fifo,0.01,15611863,0.163657
cphy_082,arc,0.1,15611863,0.137528
cphy_082,lecar,0.1,15611863,0.126931
cphy_082,lfu,0.1,15611863,0.159174
cphy_082,lru,0.1,15611863,0.151632
cphy_082,s3fifo,0.1,15611863,0.121029
cphy_083,arc,0.001,29106949,0.280021
cphy_083,lecar,0.001,29106949,0.304641
cphy_083,lfu,0.001,29106949,0.305581
cphy_083,lru,0.001,29106949,0.343867
cphy_083,s3fifo,0.001,29106949,0.2812
cphy_083,arc,0.01,29106949,0.263225
cphy_083,lecar,0.01,29106949,0.292283
cphy_083,lfu,0.01,29106949,0.312979
cphy_083,lru,0.01,29106949,0.293053
cphy_083,s3fifo,0.01,29106949,0.268288
cphy_083,arc,0.1,29106949,0.206726
cphy_083,lecar,0.1,29106949,0.249046
cphy_083,lfu,0.1,29106949,0.236187
cphy_083,lru,0.1,29106949,0.245629
cphy_083,s3fifo,0.1,29106949,0.209057
cphy_084,arc,0.001,17059724,0.241609
cphy_084,lecar,0.001,17059724,0.234475
cphy_084,lfu,0.001,17059724,0.242431
cphy_084,lru,0.001,17059724,0.262063
cphy_084,s3fifo,0.001,17059724,0.217357
cphy_084,arc,0.01,17059724,0.211902
cphy_084,lecar,0.01,17059724,0.216784
cphy_084,lfu,0.01,17059724,0.246339
cphy_084,lru,0.01,17059724,0.237413
cphy_084,s3fifo,0.01,17059724,0.200068
cphy_084,arc,0.1,17059724,0.173657
cphy_084,lecar,0.1,17059724,0.175496
cphy_084,lfu,0.1,17059724,0.180017
cphy_084,lru,0.1,17059724,0.17352
cphy_084,s3fifo,0.1,17059724,0.16588
cphy_085,arc,0.001,18809929,0.353227
cphy_085,lecar,0.001,18809929,0.314208
cphy_085,lfu,0.001,18809929,0.370966
cphy_085,lru,0.001,18809929,0.392858
cphy_085,s3fifo,0.001,18809929,0.334241
cphy_085,arc,0.01,18809929,0.354042
cphy_085,lecar,0.01,18809929,0.325451
cphy_085,lfu,0.01,18809929,0.353475
cphy_085,lru,0.01,18809929,0.360898
cphy_085,s3fifo,0.01,18809929,0.316032
cphy_085,arc,0.1,18809929,0.263989
cphy_085,lecar,0.1,18809929,0.25916
cphy_085,lfu,0.1,18809929,0.287955
cphy_085,lru,0.1,18809929,0.290536
cphy_085,s3fifo,0.1,18809929,0.239533
cphy_086,arc,0.001,36838630,0.386672
cphy_086,lecar,0.001,36838630,0.332898
cphy_086,lfu,0.001,36838630,0.381427
cphy_086,lru,0.001,36838630,0.39198
cphy_086,s3fifo,0.001,36838630,0.33871
cphy_086,arc,0.01,36838630,0.361747
cphy_086,lecar,0.01,36838630,0.348952
cphy_086,lfu,0.01,36838630,0.387989
cphy_086,lru,0.01,36838630,0.371641
cphy_086,s3fifo,0.01,36838630,0.3027
cphy_086,arc,0.1,36838630,0.267729
cphy_086,lecar,0.1,36838630,0.247254
cphy_086,lfu,0.1,36838630,0.306598
cphy_086,lru,0.1,36838630,0.313269
cphy_086,s3fifo,0.1,36838630,0.253092
cphy_087,arc,0.001,13611157,0.490204
cphy_087,lecar,0.001,13611157,0.55726
cphy_087,lfu,0.001,13611157,0.555791
cphy_087,lru,0.001,13611157,0.626383
cphy_087,s3fifo,0.001,13611157,0.506984
cphy_087,arc,0.01,13611157,0.525644
cphy_087,lecar,0.01,13611157,0.523231
cphy_087,lfu,0.01,13611157,0.569742
cphy_087,lru,0.01,13611157,0.536998
cphy_087,s3fifo,0.01,13611157,0.485226
cphy_087,arc,0.1,13611157,0.383227
cphy_087,lecar,0.1,13611157,0.403371
cphy_087,lfu,0.1,13611157,0.449615
cphy_087,lru,0.1,13611157,0.452552
cphy_087,s3fifo,0.1,13611157,0.386241
cphy_088,arc,0.001,37369889,0.266456
cphy_088,lecar,0.001,37369889,0.246168
cphy_088,lfu,0.001,37369889,0.281285
cphy_088,lru,0.001,37369889,0.292268
cphy_088,s3fifo,0.001,37369889,0.237242
cphy_088,arc,0.01,37369889,0.248129
cphy_088,lecar,0.01,37369889,0.256084
cphy_088,lfu,0.01,37369889,0.282817
cphy_088,lru,0.01,37369889,0.255399
cphy_088,s3fifo,0.01,37369889,0.231066
cphy_088,arc,0.1,37369889,0.221066
cphy_088,lecar,0.1,37369889,0.166077
cphy_088,lfu,0.1,37369889,0.230172
cphy_088,lru,0.1,37369889,0.221482
cphy_088,s3fifo,0.1,37369889,0.189561
cphy_089,arc,0.001,16496991,0.463138
cphy_089,lecar,0.001,16496991,0.433905
cphy_089,lfu,0.001,16496991,0.491333
cphy_089,lru,0.001,16496991,0.52266
cphy_089,s3fifo,0.001,16496991,0.407887
cphy_089,arc,0.01,16496991,0.381122
cphy_089,lecar,0.01,16496991,0.471455
cphy_089,lfu,0.01,16496991,0.468402
cphy_089,lru,0.01,16496991,0.506514
cphy_089,s3fifo,0.01,16496991,0.377693
cphy_089,arc,0.1,16496991,0.339768
cphy_089,lecar,0.1,16496991,0.324974
cphy_089,lfu,0.1,16496991,0.370133
cphy_089,lru,0.1,16496991,0.366252
cphy_089,s3fifo,0.1,16496991,0.322166
cphy_090,arc,0.001,27521017,0.203224
cphy_090,lecar,0.001,27521017,0.208074
cphy_090,lfu,0.001,27521017,0.221009
cphy_090,lru,0.001,27521017,0.221935
cphy_090,s3fifo,0.001,27521017,0.199784
cphy_090,arc,0.01,27521017,0.208477
cphy_090,lecar,0.01,27521017,0.182937
cphy_090,lfu,0.01,27521017,0.217552
cphy_090,lru,0.01,27521017,0.226919
cphy_090,s3fifo,0.01,27521017,0.175398
cphy_090,arc,0.1,27521017,0.156482
cphy_090,lecar,0.1,27521017,0.165761
cphy_090,lfu,0.1,27521017,0.176568
cphy_090,lru,0.1,27521017,0.166118
cphy_090,s3fifo,0.1,27521017,0.131116
cphy_091,arc,0.001,37643614,0.549291
cphy_091,lecar,0.001,37643614,0.50628
cphy_091,lfu,0.001,37643614,0.577178
cphy_091,lru,0.001,37643614,0.478701
cphy_091,s3fifo,0.001,37643614,0.469569
cphy_091,arc,0.01,37643614,0.47894
cphy_091,lecar,0.01,37643614,0.489178
cphy_091,lfu,0.01,37643614,0.519366
cphy_091,lru,0.01,37643614,0.503402
cphy_091,s3fifo,0.01,37643614,0.434324
cphy_091,arc,0.1,37643614,0.401775
cphy_091,lecar,0.1,37643614,0.390277
cphy_091,lfu,0.1,37643614,0.429604
cphy_091,lru,0.1,37643614,0.425046
cphy_091,s3fifo,0.1,37643614,0.337399
cphy_092,arc,0.001,39995122,0.214176
cphy_092,lecar,0.001,39995122,0.226854
cphy_092,lfu,0.001,39995122,0.242286
cphy_092,lru,0.001,39995122,0.270602
cphy_092,s3fifo,0.001,39995122,0.20626
cphy_092,arc,0.01,39995122,0.225645
cphy_092,lecar,0.01,39995122,0.224609
cphy_092,lfu,0.01,39995122,0.235262
cphy_092,lru,0.01,39995122,0.243358
cphy_092,s3fifo,0.01,39995122,0.20896
cphy_092,arc,0.1,39995122,0.161101
cphy_092,lecar,0.1,39995122,0.173161
cphy_092,lfu,0.1,39995122,0.182941
cphy_092,lru,0.1,39995122,0.174325
cphy_092,s3fifo,0.1,39995122,0.165142
cphy_093,arc,0.001,19157237,0.460981
cphy_093,lecar,0.001,19157237,0.371767
cphy_093,lfu,0.001,19157237,0.45114
cphy_093,lru,0.001,19157237,0.44377
cphy_093,s3fifo,0.001,19157237,0.383586
cphy_093,arc,0.01,19157237,0.390804
cphy_093,lecar,0.01,19157237,0.430471
cphy_093,lfu,0.01,19157237,0.430689
cphy_093,lru,0.01,19157237,0.474679
cphy_093,s3fifo,0.01,19157237,0.382887
cphy_093,arc,0.1,19157237,0.322746
cphy_093,lecar,0.1,19157237,0.298376
cphy_093,lfu,0.1,19157237,0.354338
cphy_093,lru,0.1,19157237,0.396233
cphy_093,s3fifo,0.1,19157237,0.33151
cphy_094,arc,0.001,6510915,0.484285
cphy_094,lecar,0.001,6510915,0.487334
cphy_094,lfu,0.001,6510915,0.563675
cphy_094,lru,0.001,6510915,0.584104
cphy_094,s3fifo,0.001,6510915,0.423931
cphy_094,arc,0.01,6510915,0.446798
cphy_094,lecar,0.01,6510915,0.450167
cphy_094,lfu,0.01,6510915,0.516353
cphy_094,lru,0.01,6510915,0.49984
cphy_094,s3fifo,0.01,6510915,0.408109
cphy_094,arc,0.1,6510915,0.394442
cphy_094,lecar,0.1,6510915,0.364515
cphy_094,lfu,0.1,6510915,0.349939
cphy_094,lru,0.1,6510915,0.434596
cphy_094,s3fifo,0.1,6510915,0.34806
cphy_095,arc,0.001,9045193,0.329688
cphy_095,lecar,0.001,9045193,0.319437
cphy_095,lfu,0.001,9045193,0.322012
cphy_095,lru,0.001,9045193,0.346522
cphy_095,s3fifo,0.001,9045193,0.311644
cphy_095,arc,0.01,9045193,0.28655
cphy_095,lecar,0.01,9045193,0.29499
cphy_095,lfu,0.01,9045193,0.334479
cphy_095,lru,0.01,9045193,0.334883
cphy_095,s3fifo,0.01,9045193,0.295739
cphy_095,arc,0.1,9045193,0.245054
cphy_095,lecar,0.1,9045193,0.243398
cphy_095,lfu,0.1,9045193,0.260389
cphy_095,lru,0.1,9045193,0.252871
cphy_095,s3fifo,0.1,9045193,0.223427
cphy_096,arc,0.001,10670839,0.297733
cphy_096,lecar,0.001,10670839,0.295089
cphy_096,lfu,0.001,10670839,0.330582
cphy_096,lru,0.001,10670839,0.325331
cphy_096,s3fifo,0.001,10670839,0.286324
cphy_096,arc,0.01,10670839,0.308591
cphy_096,lecar,0.01,10670839,0.264287
cphy_096,lfu,0.01,10670839,0.30355
cphy_096,lru,0.01,10670839,0.310333
cphy_096,s3fifo,0.01,10670839,0.259766
cphy_096,arc,0.1,10670839,0.243117
cphy_096,lecar,0.1,10670839,0.222063
cphy_096,lfu,0.1,10670839,0.271549
cphy_096,lru,0.1,10670839,0.263166
cphy_096,s3fifo,0.1,10670839,0.230803
cphy_097,arc,0.001,32186505,0.225255
cphy_097,lecar,0.001,32186505,0.217785
cphy_097,lfu,0.001,32186505,0.250651
cphy_097,lru,0.001,32186505,0.242947
cphy_097,s3fifo,0.001,32186505,0.21601
cphy_097,arc,0.01,32186505,0.234684
cphy_097,lecar,0.01,32186505,0.224121
cphy_097,lfu,0.01,32186505,0.262907
cphy_097,lru,0.01,32186505,0.256688
cphy_097,s3fifo,0.01,32186505,0.204117
cphy_097,arc,0.1,32186505,0.185837
cphy_097,lecar,0.1,32186505,0.184577
cphy_097,lfu,0.1,32186505,0.204575
cphy_097,lru,0.1,32186505,0.198482
cphy_097,s3fifo,0.1,32186505,0.167711
cphy_098,arc,0.001,22533706,0.396963
cphy_098,lecar,0.001,22533706,0.392037
cphy_098,lfu,0.001,22533706,0.446438
cphy_098,lru,0.001,22533706,0.441021
cphy_098,s3fifo,0.001,22533706,0.387392
cphy_098,arc,0.01,22533706,0.389968
cphy_098,lecar,0.01,22533706,0.390125
cphy_098,lfu,0.01,22533706,0.416124
cphy_098,lru,0.01,22533706,0.416825
cphy_098,s3fifo,0.01,22533706,0.364933
cphy_098,arc,0.1,22533706,0.33985
cphy_098,lecar,0.1,22533706,0.306483
cphy_098,lfu,0.1,22533706,0.393824
cphy_098,lru,0.1,22533706,0.362485
cphy_098,s3fifo,0.1,22533706,0.273932
cphy_099,arc,0.001,33455120,0.248295
cphy_099,lecar,0.001,33455120,0.248446
cphy_099,lfu,0.001,33455120,0.254592
cphy_099,lru,0.001,33455120,0.247506
cphy_099,s3fifo,0.001,33455120,0.218457
cphy_099,arc,0.01,33455120,0.22458
cphy_099,lecar,0.01,33455120,0.231054
cphy_099,lfu,0.01,33455120,0.220727
cphy_099,lru,0.01,33455120,0.250332
cphy_099,s3fifo,0.01,33455120,0.206781
cphy_099,arc,0.1,33455120,0.187078
cphy_099,lecar,0.1,33455120,0.182669
cphy_099,lfu,0.1,33455120,0.185267
cphy_099,lru,0.1,33455120,0.186962
cphy_099,s3fifo,0.1,33455120,0.176253
cphy_100,arc,0.001,21848105,0.165369
cphy_100,lecar,0.001,21848105,0.174657
cphy_100,lfu,0.001,21848105,0.206789
cphy_100,lru,0.001,21848105,0.184745
cphy_100,s3fifo,0.001,21848105,0.155996
cphy_100,arc,0.01,21848105,0.179123
cphy_100,lecar,0.01,21848105,0.18598
cphy_100,lfu,0.01,21848105,0.197371
cphy_100,lru,0.01,21848105,0.191307
cphy_100,s3fifo,0.01,21848105,0.164414
cphy_100,arc,0.1,21848105,0.143765
cphy_100,lecar,0.1,21848105,0.140699
cphy_100,lfu,0.1,21848105,0.148121
cphy_100,lru,0.1,21848105,0.156079
cphy_100,s3fifo,0.1,21848105,0.13213
